portal_id	phylum	subphylum	class	order	family
Aaoar1	Ascomycota	Pezizomycotina	Dothideomycetes	Pleosporales	Dacampiaceae
Acema1	Ascomycota	Pezizomycotina	Leotiomycetes	Helotiales	Vibrisseaceae
Achstr1	Ascomycota	Pezizomycotina	Sordariomycetes	Sordariales	Chaetomiaceae
Aciaci1	Ascomycota	Pezizomycotina	Pezizomycetes	Pezizales	Amplistromataceae
AcreTS7_1	Ascomycota	Pezizomycotina	Sordariomycetes	Hypocreales	Incertae sedis
Acrmed1	Ascomycota	Pezizomycotina	Dothideomycetes	Pleosporales	Morosphaeriaceae
Acrvag1	Ascomycota	Pezizomycotina	Dothideomycetes	Pleosporales	Morosphaeriaceae
Alikh1	Ascomycota	Pezizomycotina	Dothideomycetes	Jahnulales	Aliquandostipitaceae
Altalt1	Ascomycota	Pezizomycotina	Dothideomycetes	Pleosporales	Pleosporaceae
Altro1	Ascomycota	Pezizomycotina	Dothideomycetes	Pleosporales	Pleosporaceae
Altsp012_1	Ascomycota	Pezizomycotina	Dothideomycetes	Pleosporales	Pleosporaceae
Altsp017_1	Ascomycota	Pezizomycotina	Dothideomycetes	Pleosporales	Pleosporaceae
Amnli1	Ascomycota	Pezizomycotina	Dothideomycetes	Pleosporales	Amniculicolaceae
Ampqui1	Ascomycota	Pezizomycotina	Dothideomycetes	Pleosporales	Leptosphaeriaceae
Amyenc1	Ascomycota	Pezizomycotina	Leotiomycetes	Incertae sedis	Incertae sedis
Ant016_1	Ascomycota	Pezizomycotina	Leotiomycetes	Thelebolales	Thelebolaceae
Antav1	Ascomycota	Pezizomycotina	Sordariomycetes	Xylariales	Diatrypaceae
Apibac1	Ascomycota	Pezizomycotina	Sordariomycetes	Sordariales	Lasiosphaeriaceae
Aplpr1	Ascomycota	Pezizomycotina	Dothideomycetes	Botryosphaeriales	Botryosphaeriaceae
Apope1	Ascomycota	Pezizomycotina	Sordariomycetes	Sordariales	Lasiosphaeriaceae
Aqupat1	Ascomycota	Pezizomycotina	Dothideomycetes	Pleosporales	Morosphaeriaceae
Artesp1	Ascomycota	Pezizomycotina	Sordariomycetes	Incertae sedis	Apiosporaceae
Artfe1_2	Ascomycota	Saccharomycotina	Saccharomycetes	Saccharomycetales	Saccharomycopsidaceae
Ascni1	Ascomycota	Pezizomycotina	Pezizomycetes	Pezizales	Ascodesmidaceae
Aulhe2	Ascomycota	Pezizomycotina	Dothideomycetes	Microthyriales	Aulographaceae
Bimnz1	Ascomycota	Pezizomycotina	Dothideomycetes	Pleosporales	Montagnulaceae
Bissp1	Ascomycota	Pezizomycotina	Leotiomycetes	Helotiales	Helotiaceae
Boeex1	Ascomycota	Pezizomycotina	Dothideomycetes	Pleosporales	Didymellaceae
Bombar1	Ascomycota	Pezizomycotina	Sordariomycetes	Sordariales	Lasiosphaeriaceae
Bombom1	Ascomycota	Pezizomycotina	Sordariomycetes	Sordariales	Lasiosphaeriaceae
Botmuc1	Ascomycota	Saccharomycotina	Saccharomycetes	Saccharomycetales	Trigonopsidaceae
Brefa1	Ascomycota	Pezizomycotina	Sordariomycetes	Microascales	Ceratocystidaceae
Bulin1	Ascomycota	Pezizomycotina	Leotiomycetes	Leotiales	Bulgariaceae
Bysci1	Ascomycota	Pezizomycotina	Dothideomycetes	Pleosporales	Massarinaceae
Cadosp1	Ascomycota	Pezizomycotina	Leotiomycetes	Helotiales	Incertae sedis
Cadsp1	Ascomycota	Pezizomycotina	Leotiomycetes	Helotiales	Incertae sedis
Calful1	Ascomycota	Pezizomycotina	Pezizomycetes	Pezizales	Caloscyphaceae
Calmar1	Ascomycota	Pezizomycotina	Leotiomycetes	Helotiales	Hyaloscyphaceae
Capfu1	Ascomycota	Pezizomycotina	Eurotiomycetes	Chaetothyriales	Herpotrichiellaceae
Cepal1_1	Ascomycota	Saccharomycotina	Saccharomycetes	Saccharomycetales	Cephaloascaceae
Cepfr1_1	Ascomycota	Saccharomycotina	Saccharomycetes	Saccharomycetales	Cephaloascaceae
Cercau1	Ascomycota	Pezizomycotina	Sordariomycetes	Sordariales	Lasiosphaeriaceae
Cernew1	Ascomycota	Pezizomycotina	Sordariomycetes	Sordariales	Lasiosphaeriaceae
Cersc1	Ascomycota	Pezizomycotina	Sordariomycetes	Sordariales	Lasiosphaeriaceae
Cha1176438	Ascomycota	Pezizomycotina	Sordariomycetes	Sordariales	Chaetomiaceae
Chafi1	Ascomycota	Pezizomycotina	Sordariomycetes	Sordariales	Chaetomiaceae
Chafu1	Ascomycota	Pezizomycotina	Sordariomycetes	Sordariales	Chaetomiaceae
Chagl1	Ascomycota	Pezizomycotina	Sordariomycetes	Sordariales	Chaetomiaceae
Chahya1	Ascomycota	Pezizomycotina	Leotiomycetes	Helotiales	Incertae sedis
Chame1	Ascomycota	Pezizomycotina	Sordariomycetes	Sordariales	Chaetomiaceae
ClaNC0930_1	Ascomycota	Pezizomycotina	Eurotiomycetes	Phaeomoniellales	Incertae sedis
Clael1	Ascomycota	Pezizomycotina	Dothideomycetes	Pleosporales	Diademaceae
Claher1	Ascomycota	Pezizomycotina	Dothideomycetes	Capnodiales	Cladosporiaceae
Cloaq1	Ascomycota	Pezizomycotina	Dothideomycetes	Pleosporales	Lindgomycetaceae
Cloro1	Ascomycota	Pezizomycotina	Sordariomycetes	Hypocreales	Bionectriaceae
Cocba1	Ascomycota	Pezizomycotina	Dothideomycetes	Capnodiales	Coccodiniaceae
Cocst1	Ascomycota	Pezizomycotina	Leotiomycetes	Rhytismatales	Rhytismataceae
CodFL1790_1	Ascomycota	Pezizomycotina	Sordariomycetes	Chaetosphaeriales	Chaetosphaeriaceae
ConPMI546	Ascomycota	Pezizomycotina	Sordariomycetes	Coniochaetales	Coniochaetaceae
Corca1	Ascomycota	Pezizomycotina	Dothideomycetes	Pleosporales	Corynesporascaceae
Corma2	Ascomycota	Pezizomycotina	Sordariomycetes	Microascales	Halosphaeriaceae
Cornip1	Ascomycota	Pezizomycotina	Sordariomycetes	Boliniales	Boliniaceae
Crypto1	Ascomycota	Pezizomycotina	Sordariomycetes	Diaporthales	Cryphonectriaceae
Cucbe1	Ascomycota	Pezizomycotina	Dothideomycetes	Pleosporales	Cucurbitariaceae
Curina1	Ascomycota	Pezizomycotina	Dothideomycetes	Pleosporales	Pleosporaceae
Currey1	Ascomycota	Pezizomycotina	Dothideomycetes	Pleosporales	Teichosporaceae
Cylol1	Ascomycota	Pezizomycotina	Sordariomycetes	Hypocreales	Nectriaceae
Daces1	Ascomycota	Pezizomycotina	Sordariomycetes	Hypocreales	Nectriaceae
Dachal1	Ascomycota	Pezizomycotina	Lecanoromycetes	Lecanorales	Dactylosporaceae
Dacma1	Ascomycota	Pezizomycotina	Sordariomycetes	Hypocreales	Nectriaceae
Daral1	Ascomycota	Pezizomycotina	Dothideomycetes	Pleosporales	Lentitheciaceae
Daralp1	Ascomycota	Pezizomycotina	Dothideomycetes	Pleosporales	Lentitheciaceae
Darbet1	Ascomycota	Pezizomycotina	Dothideomycetes	Pleosporales	Lentitheciaceae
Darga1	Ascomycota	Pezizomycotina	Dothideomycetes	Pleosporales	Lentitheciaceae
Darpic1	Ascomycota	Pezizomycotina	Leotiomycetes	Helotiales	Phacidiaceae
Decga1	Ascomycota	Pezizomycotina	Dothideomycetes	Pleosporales	Incertae sedis
DelFL0756_1	Ascomycota	Pezizomycotina	Dothideomycetes	Venturiales	Incertae sedis
Delco1	Ascomycota	Pezizomycotina	Dothideomycetes	Pleosporales	Delitschiaceae
Delst1	Ascomycota	Pezizomycotina	Dothideomycetes	Dothideales	Dothioraceae
Denna1	Ascomycota	Pezizomycotina	Dothideomycetes	Pleosporales	Torulaceae
DiaLGMF1633_1	Ascomycota	Pezizomycotina	Sordariomycetes	Diaporthales	Diaporthaceae
DiaPMI573_1	Ascomycota	Pezizomycotina	Sordariomycetes	Diaporthales	Diaporthaceae
Diadis1	Ascomycota	Pezizomycotina	Sordariomycetes	Xylariales	Diatrypaceae
Diainc1	Ascomycota	Pezizomycotina	Sordariomycetes	Diaporthales	Diaporthaceae
Diavoc1	Ascomycota	Pezizomycotina	Sordariomycetes	Diaporthales	Diaporthaceae
Didex1	Ascomycota	Pezizomycotina	Dothideomycetes	Pleosporales	Didymellaceae
Didsa1	Ascomycota	Pezizomycotina	Dothideomycetes	Pleosporales	Zopfiaceae
Disac1	Ascomycota	Pezizomycotina	Dothideomycetes	Capnodiales	Dissoconiaceae
Disven1	Ascomycota	Pezizomycotina	Pezizomycetes	Pezizales	Morchellaceae
Dotsy1	Ascomycota	Pezizomycotina	Dothideomycetes	Pleosporales	Dothidotthiaceae
Elsamp1	Ascomycota	Pezizomycotina	Dothideomycetes	Myriangiales	Elsinoaceae
Ememar1	Ascomycota	Pezizomycotina	Sordariomycetes	Hypocreales	Incertae sedis
Epini1	Ascomycota	Pezizomycotina	Dothideomycetes	Pleosporales	Didymellaceae
Erebi1	Ascomycota	Pezizomycotina	Dothideomycetes	Incertae sedis	Eremomycetaceae
Fenfe1	Ascomycota	Pezizomycotina	Dothideomycetes	Pleosporales	Cucurbitariaceae
Fitcyp1	Ascomycota	Pezizomycotina	Lecanoromycetes	Ostropales	Stictidaceae
Flaful1	Ascomycota	Pezizomycotina	Dothideomycetes	Pleosporales	Incertae sedis
Fusco1	Ascomycota	Pezizomycotina	Sordariomycetes	Hypocreales	Nectriaceae
Fuseq1	Ascomycota	Pezizomycotina	Sordariomycetes	Hypocreales	Nectriaceae
Fusoxy1	Ascomycota	Pezizomycotina	Sordariomycetes	Hypocreales	Nectriaceae
Fusoxys1	Ascomycota	Pezizomycotina	Sordariomycetes	Hypocreales	Nectriaceae
Fusre1	Ascomycota	Pezizomycotina	Sordariomycetes	Hypocreales	Nectriaceae
Fusredo2	Ascomycota	Pezizomycotina	Sordariomycetes	Hypocreales	Nectriaceae
Fusso1	Ascomycota	Pezizomycotina	Sordariomycetes	Hypocreales	Nectriaceae
Fustr1	Ascomycota	Pezizomycotina	Sordariomycetes	Hypocreales	Nectriaceae
Fustri1	Ascomycota	Pezizomycotina	Sordariomycetes	Hypocreales	Nectriaceae
Fusven1	Ascomycota	Pezizomycotina	Sordariomycetes	Hypocreales	Nectriaceae
Galgeo1	Ascomycota	Saccharomycotina	Saccharomycetes	Saccharomycetales	Dipodascaceae
Gelte1	Ascomycota	Pezizomycotina	Sordariomycetes	Sordariales	Sordariaceae
Glonio1	Ascomycota	Pezizomycotina	Dothideomycetes	Hysteriales	Hysteriaceae
Gnocas1	Ascomycota	Pezizomycotina	Sordariomycetes	Diaporthales	Gnomoniaceae
Gymau1	Ascomycota	Pezizomycotina	Eurotiomycetes	Onygenales	Gymnoascaceae
Gymci1_1	Ascomycota	Pezizomycotina	Eurotiomycetes	Onygenales	Gymnoascaceae
Gyresc1	Ascomycota	Pezizomycotina	Pezizomycetes	Pezizales	Discinaceae
Gyrinf1	Ascomycota	Pezizomycotina	Pezizomycetes	Pezizales	Discinaceae
HelPMI846_1	Ascomycota	Pezizomycotina	Leotiomycetes	Helotiales	Incertae sedis
Helsp1	Ascomycota	Pezizomycotina	Leotiomycetes	Helotiales	Incertae sedis
Herpot1_1	Ascomycota	Pezizomycotina	Dothideomycetes	Pleosporales	Melanommataceae
Horac1	Ascomycota	Pezizomycotina	Dothideomycetes	Dothideales	Incertae sedis
Hyafin1	Ascomycota	Pezizomycotina	Leotiomycetes	Helotiales	Hyaloscyphaceae
Hymvar1	Ascomycota	Pezizomycotina	Leotiomycetes	Helotiales	Helotiaceae
Hypvin2	Ascomycota	Pezizomycotina	Sordariomycetes	Xylariales	Hypoxylaceae
Hypvoc1	Ascomycota	Pezizomycotina	Sordariomycetes	Xylariales	Xylariaceae
IlyPMI658_1	Ascomycota	Pezizomycotina	Sordariomycetes	Hypocreales	Nectriaceae
Ilyeu1	Ascomycota	Pezizomycotina	Sordariomycetes	Hypocreales	Nectriaceae
Ilyro1	Ascomycota	Pezizomycotina	Sordariomycetes	Hypocreales	Bionectriaceae
Ilyrob1	Ascomycota	Pezizomycotina	Sordariomycetes	Hypocreales	Nectriaceae
Jahaq1	Ascomycota	Pezizomycotina	Dothideomycetes	Jahnulales	Jahnulaceae
Kalbru1	Ascomycota	Pezizomycotina	Pezizomycetes	Pezizales	Morchellaceae
Kalpfe1	Ascomycota	Pezizomycotina	Pezizomycetes	Pezizales	Pezizaceae
Karrh1	Ascomycota	Pezizomycotina	Dothideomycetes	Pleosporales	Montagnulaceae
Khuory1	Ascomycota	Pezizomycotina	Sordariomycetes	Trichosphaeriales	Trichosphaeriaceae
Krezon1	Ascomycota	Pezizomycotina	Sordariomycetes	Xylariales	Xylariaceae
Lacsu1	Ascomycota	Pezizomycotina	Leotiomycetes	Helotiales	Lachnaceae
Lashi1	Ascomycota	Pezizomycotina	Sordariomycetes	Sordariales	Lasiosphaeriaceae
Lashir1	Ascomycota	Pezizomycotina	Sordariomycetes	Sordariales	Lasiosphaeriaceae
Lasmin1	Ascomycota	Pezizomycotina	Sordariomycetes	Sordariales	Lasiosphaeriaceae
Lasov1	Ascomycota	Pezizomycotina	Sordariomycetes	Sordariales	Lasiosphaeriaceae
LecAK0013_1	Ascomycota	Pezizomycotina	Sordariomycetes	Coniochaetales	Coniochaetaceae
Lecmu1	Ascomycota	Pezizomycotina	Sordariomycetes	Hypocreales	Cordycipitaceae
Lenfl1	Ascomycota	Pezizomycotina	Dothideomycetes	Pleosporales	Lentitheciaceae
Lepmi1	Ascomycota	Pezizomycotina	Dothideomycetes	Pleosporales	Leptosphaeriaceae
Lepor2	Ascomycota	Pezizomycotina	Leotiomycetes	Helotiales	Incertae sedis
Leppa1	Ascomycota	Pezizomycotina	Dothideomycetes	Incertae sedis	Argynnaceae
Leptod1	Ascomycota	Pezizomycotina	Leotiomycetes	Helotiales	Incertae sedis
Leuca1	Ascomycota	Pezizomycotina	Pezizomycetes	Pezizales	Helvellaceae
Linin1	Ascomycota	Pezizomycotina	Dothideomycetes	Pleosporales	Lindgomycetaceae
Linrh1	Ascomycota	Pezizomycotina	Dothideomycetes	Pleosporales	Fenestellaceae
Linth1	Ascomycota	Pezizomycotina	Sordariomycetes	Lulworthiales	Lulworthiaceae
Lizem1	Ascomycota	Pezizomycotina	Dothideomycetes	Incertae sedis	Pseudoperisporiaceae
Lolmi1	Ascomycota	Pezizomycotina	Sordariomycetes	Diaporthales	Diaporthaceae
Lophiu1	Ascomycota	Pezizomycotina	Dothideomycetes	Mytilinidiales	Mytilinidiaceae
Lopma1	Ascomycota	Pezizomycotina	Dothideomycetes	Pleosporales	Lophiostomataceae
Lopmy1	Ascomycota	Pezizomycotina	Dothideomycetes	Mytilinidiales	Mytilinidiaceae
Lopni1	Ascomycota	Pezizomycotina	Leotiomycetes	Rhytismatales	Rhytismataceae
Lopnit1_1	Ascomycota	Pezizomycotina	Leotiomycetes	Rhytismatales	Rhytismataceae
Lopnu1	Ascomycota	Pezizomycotina	Dothideomycetes	Pleosporales	Incertae sedis
Loppic1	Ascomycota	Pezizomycotina	Leotiomycetes	Rhytismatales	Rhytismataceae
Lorju1	Ascomycota	Pezizomycotina	Leotiomycetes	Helotiales	Loramycetaceae
Lorma1	Ascomycota	Pezizomycotina	Leotiomycetes	Helotiales	Loramycetaceae
Macan1	Ascomycota	Pezizomycotina	Dothideomycetes	Pleosporales	Diademaceae
Macpha1	Ascomycota	Pezizomycotina	Dothideomycetes	Botryosphaeriales	Botryosphaeriaceae
MarPMI226	Ascomycota	Pezizomycotina	Sordariomycetes	Hypocreales	Nectriaceae
Maseb1	Ascomycota	Pezizomycotina	Dothideomycetes	Pleosporales	Massarinaceae
Masph1	Ascomycota	Pezizomycotina	Dothideomycetes	Pleosporales	Incertae sedis
Matter1	Ascomycota	Pezizomycotina	Pezizomycetes	Pezizales	Pezizaceae
MelPMI1271_1	Ascomycota	Pezizomycotina	Leotiomycetes	Helotiales	Helotiaceae
Melpu1	Ascomycota	Pezizomycotina	Dothideomycetes	Pleosporales	Melanommataceae
Melsp1	Ascomycota	Pezizomycotina	Sordariomycetes	Diaporthales	Melanconidaceae
Melti1	Ascomycota	Pezizomycotina	Sordariomycetes	Melanosporales	Melanosporaceae
Meltu1	Ascomycota	Pezizomycotina	Dothideomycetes	Botryosphaeriales	Melanopsaceae
Metbi_SCcomb	Ascomycota	Saccharomycotina	Saccharomycetes	Saccharomycetales	Metschnikowiaceae
Micbo1	Ascomycota	Pezizomycotina	Sordariomycetes	Xylariales	Hyponectriaceae
Micmi1	Ascomycota	Pezizomycotina	Dothideomycetes	Microthyriales	Microthyriaceae
Microd1	Ascomycota	Pezizomycotina	Dothideomycetes	Botryosphaeriales	Botryosphaeriaceae
Mictr1	Ascomycota	Pezizomycotina	Sordariomycetes	Microascales	Microascaceae
Mictri1	Ascomycota	Pezizomycotina	Sordariomycetes	Xylariales	Microdochiaceae
Monpu1	Ascomycota	Pezizomycotina	Eurotiomycetes	Eurotiales	Aspergillaceae
Monru1	Ascomycota	Pezizomycotina	Eurotiomycetes	Eurotiales	Aspergillaceae
Morame1	Ascomycota	Pezizomycotina	Pezizomycetes	Pezizales	Morchellaceae
Morana1	Ascomycota	Pezizomycotina	Pezizomycetes	Pezizales	Morchellaceae
Morang1	Ascomycota	Pezizomycotina	Pezizomycetes	Pezizales	Morchellaceae
Morarb1	Ascomycota	Pezizomycotina	Pezizomycetes	Pezizales	Morchellaceae
Morbru1	Ascomycota	Pezizomycotina	Pezizomycetes	Pezizales	Morchellaceae
Morbrun1	Ascomycota	Pezizomycotina	Pezizomycetes	Pezizales	Morchellaceae
Morco1	Ascomycota	Pezizomycotina	Pezizomycetes	Pezizales	Morchellaceae
Morcon1	Ascomycota	Pezizomycotina	Pezizomycetes	Pezizales	Morchellaceae
Mordel1	Ascomycota	Pezizomycotina	Pezizomycetes	Pezizales	Morchellaceae
Mordim1	Ascomycota	Pezizomycotina	Pezizomycetes	Pezizales	Morchellaceae
Mordis1	Ascomycota	Pezizomycotina	Pezizomycetes	Pezizales	Morchellaceae
Mordun1	Ascomycota	Pezizomycotina	Pezizomycetes	Pezizales	Morchellaceae
Moreoh1	Ascomycota	Pezizomycotina	Pezizomycetes	Pezizales	Morchellaceae
Moresc1	Ascomycota	Pezizomycotina	Pezizomycetes	Pezizales	Morchellaceae
Morexi1	Ascomycota	Pezizomycotina	Pezizomycetes	Pezizales	Morchellaceae
Morfluv1	Ascomycota	Pezizomycotina	Pezizomycetes	Pezizales	Morchellaceae
Morgal1	Ascomycota	Pezizomycotina	Pezizomycetes	Pezizales	Morchellaceae
Morhis1	Ascomycota	Pezizomycotina	Pezizomycetes	Pezizales	Morchellaceae
Morkaki1	Ascomycota	Pezizomycotina	Pezizomycetes	Pezizales	Morchellaceae
Morpal1	Ascomycota	Pezizomycotina	Pezizomycetes	Pezizales	Morchellaceae
Morper1	Ascomycota	Pezizomycotina	Pezizomycetes	Pezizales	Morchellaceae
Morpop1	Ascomycota	Pezizomycotina	Pezizomycetes	Pezizales	Morchellaceae
Morpra1	Ascomycota	Pezizomycotina	Pezizomycetes	Pezizales	Morchellaceae
Morpul1	Ascomycota	Pezizomycotina	Pezizomycetes	Pezizales	Morchellaceae
Morpun1	Ascomycota	Pezizomycotina	Pezizomycetes	Pezizales	Morchellaceae
Morruf1	Ascomycota	Pezizomycotina	Pezizomycetes	Pezizales	Morchellaceae
Morsem1	Ascomycota	Pezizomycotina	Pezizomycetes	Pezizales	Morchellaceae
Morsep1	Ascomycota	Pezizomycotina	Pezizomycetes	Pezizales	Morchellaceae
Morste1	Ascomycota	Pezizomycotina	Pezizomycetes	Pezizales	Morchellaceae
Mortrid1	Ascomycota	Pezizomycotina	Pezizomycetes	Pezizales	Morchellaceae
Morulm1	Ascomycota	Pezizomycotina	Pezizomycetes	Pezizales	Morchellaceae
MorvulMes17_1	Ascomycota	Pezizomycotina	Pezizomycetes	Pezizales	Morchellaceae
Morvulg1	Ascomycota	Pezizomycotina	Pezizomycetes	Pezizales	Morchellaceae
Myrdu1	Ascomycota	Pezizomycotina	Dothideomycetes	Myriangiales	Myriangiaceae
Myrian1	Ascomycota	Pezizomycotina	Dothideomycetes	Myriangiales	Myriangiaceae
Myrin1	Ascomycota	Pezizomycotina	Sordariomycetes	Hypocreales	Stachybotrys clade
Mytre1	Ascomycota	Pezizomycotina	Dothideomycetes	Mytilinidiales	Mytilinidiaceae
Myxme1	Ascomycota	Saccharomycotina	Saccharomycetes	Saccharomycetales	Incertae sedis
Necsp1	Ascomycota	Pezizomycotina	Sordariomycetes	Hypocreales	Bionectriaceae
Neo1551_1	Ascomycota	Pezizomycotina	Sordariomycetes	Xylariales	Sporocadaceae
Neobra1	Ascomycota	Pezizomycotina	Dothideomycetes	Botryosphaeriales	Botryosphaeriaceae
Neora1	Ascomycota	Pezizomycotina	Sordariomycetes	Hypocreales	Nectriaceae
Neucr4830_1	Ascomycota	Pezizomycotina	Sordariomycetes	Sordariales	Sordariaceae
Neuhi1	Ascomycota	Pezizomycotina	Sordariomycetes	Sordariales	Sordariaceae
Nieex1	Ascomycota	Pezizomycotina	Sordariomycetes	Hypocreales	Niessliaceae
OphPMI507_1	Ascomycota	Pezizomycotina	Sordariomycetes	Ophiostomatales	Ophiostomataceae
Ophdi1	Ascomycota	Pezizomycotina	Dothideomycetes	Pleosporales	Leptosphaeriaceae
Paevar1	Ascomycota	Pezizomycotina	Eurotiomycetes	Eurotiales	Thermoascaceae
Parch1	Ascomycota	Pezizomycotina	Dothideomycetes	Pleosporales	Phaeosphaeriaceae
Parchr1	Ascomycota	Pezizomycotina	Dothideomycetes	Pleosporales	Phaeosphaeriaceae
Parmar1	Ascomycota	Pezizomycotina	Eurotiomycetes	Pyrenulales	Requienellaceae
Patat1	Ascomycota	Pezizomycotina	Dothideomycetes	Patellariales	Patellariaceae
Pcapi1	Ascomycota	Pezizomycotina	Dothideomycetes	Botryosphaeriales	Phyllostictaceae
Pcit11120	Ascomycota	Pezizomycotina	Dothideomycetes	Botryosphaeriales	Phyllostictaceae
Pcit120373	Ascomycota	Pezizomycotina	Dothideomycetes	Botryosphaeriales	Phyllostictaceae
Pcit122482	Ascomycota	Pezizomycotina	Dothideomycetes	Botryosphaeriales	Phyllostictaceae
Pcit122670	Ascomycota	Pezizomycotina	Dothideomycetes	Botryosphaeriales	Phyllostictaceae
Pcit129764	Ascomycota	Pezizomycotina	Dothideomycetes	Botryosphaeriales	Phyllostictaceae
Pcit131864	Ascomycota	Pezizomycotina	Dothideomycetes	Botryosphaeriales	Phyllostictaceae
Pcit141352	Ascomycota	Pezizomycotina	Dothideomycetes	Botryosphaeriales	Phyllostictaceae
Pcit16586	Ascomycota	Pezizomycotina	Dothideomycetes	Botryosphaeriales	Phyllostictaceae
Pcit17464	Ascomycota	Pezizomycotina	Dothideomycetes	Botryosphaeriales	Phyllostictaceae
Penbr2	Ascomycota	Pezizomycotina	Eurotiomycetes	Eurotiales	Aspergillaceae
Pencit1	Ascomycota	Pezizomycotina	Eurotiomycetes	Eurotiales	Aspergillaceae
Perma1	Ascomycota	Pezizomycotina	Dothideomycetes	Pleosporales	Periconiaceae
Pestal1	Ascomycota	Pezizomycotina	Sordariomycetes	Xylariales	Sporocadaceae
PhaPMI808	Ascomycota	Pezizomycotina	Dothideomycetes	Pleosporales	Phaeosphaeriaceae
PhaeoFL0889_1	Ascomycota	Pezizomycotina	Sordariomycetes	Togniniales	Togniniaceae
Phapo1	Ascomycota	Pezizomycotina	Dothideomycetes	Pleosporales	Phaeosphaeriaceae
Phcap1	Ascomycota	Pezizomycotina	Dothideomycetes	Botryosphaeriales	Phyllostictaceae
Phcapi1	Ascomycota	Pezizomycotina	Dothideomycetes	Botryosphaeriales	Phyllostictaceae
Phcit1	Ascomycota	Pezizomycotina	Dothideomycetes	Botryosphaeriales	Phyllostictaceae
Phcitr1	Ascomycota	Pezizomycotina	Dothideomycetes	Botryosphaeriales	Phyllostictaceae
Phiasp1	Ascomycota	Pezizomycotina	Sordariomycetes	Incertae sedis	Thyridiaceae
Phimu1	Ascomycota	Pezizomycotina	Leotiomycetes	Incertae sedis	Incertae sedis
Phisc1	Ascomycota	Pezizomycotina	Leotiomycetes	Helotiales	Vibrisseaceae
Phomu1	Ascomycota	Pezizomycotina	Dothideomycetes	Pleosporales	Didymellaceae
Photr1	Ascomycota	Pezizomycotina	Dothideomycetes	Pleosporales	Leptosphaeriaceae
Phy27169	Ascomycota	Pezizomycotina	Dothideomycetes	Botryosphaeriales	Phyllostictaceae
Phycap1	Ascomycota	Pezizomycotina	Dothideomycetes	Botryosphaeriales	Phyllostictaceae
Phycapi2	Ascomycota	Pezizomycotina	Dothideomycetes	Botryosphaeriales	Phyllostictaceae
Phycit1	Ascomycota	Pezizomycotina	Dothideomycetes	Botryosphaeriales	Phyllostictaceae
Phycitr1	Ascomycota	Pezizomycotina	Dothideomycetes	Botryosphaeriales	Phyllostictaceae
Phycpc1	Ascomycota	Pezizomycotina	Dothideomycetes	Botryosphaeriales	Phyllostictaceae
Phypa1	Ascomycota	Pezizomycotina	Dothideomycetes	Botryosphaeriales	Phyllostictaceae
Piclef1	Ascomycota	Pezizomycotina	Pezizomycetes	Pezizales	Pyronemataceae
Pieho1_1	Ascomycota	Pezizomycotina	Dothideomycetes	Capnodiales	Piedraiaceae
Pilidi1	Ascomycota	Pezizomycotina	Sordariomycetes	Diaporthales	Schizoparmaceae
PlePMI138_1	Ascomycota	Pezizomycotina	Dothideomycetes	Pleosporales	Pleosporaceae
Pleav1	Ascomycota	Pezizomycotina	Dothideomycetes	Incertae sedis	Halojulellaceae
Plecto1	Ascomycota	Pezizomycotina	Sordariomycetes	Xylariales	Incertae sedis
Plecuc1	Ascomycota	Pezizomycotina	Sordariomycetes	Glomerellales	Plectosphaerellaceae
Plecucu2	Ascomycota	Pezizomycotina	Sordariomycetes	Glomerellales	Plectosphaerellaceae
Plemel1	Ascomycota	Pezizomycotina	Pezizomycetes	Pezizales	Sarcosomataceae
Plesi1	Ascomycota	Pezizomycotina	Dothideomycetes	Pleosporales	Pleomassariaceae
Plesp1	Ascomycota	Pezizomycotina	Dothideomycetes	Pleosporales	Incertae sedis
Podap1	Ascomycota	Pezizomycotina	Sordariomycetes	Sordariales	Lasiosphaeriaceae
Poddi1	Ascomycota	Pezizomycotina	Sordariomycetes	Sordariales	Lasiosphaeriaceae
Polci1	Ascomycota	Pezizomycotina	Dothideomycetes	Capnodiales	Capnodiaceae
Polfu1	Ascomycota	Pezizomycotina	Dothideomycetes	Pleosporales	Tetraplosphaeriaceae
Polsie1	Ascomycota	Pezizomycotina	Leotiomycetes	Helotiales	Hyaloscyphaceae
Prola1	Ascomycota	Taphrinomycotina	Taphrinomycetes	Taphrinales	Protomycetaceae
Pse1611_1	Ascomycota	Pezizomycotina	Dothideomycetes	Botryosphaeriales	Botryosphaeriaceae
Psehy1	Ascomycota	Pezizomycotina	Dothideomycetes	Incertae sedis	Incertae sedis
Pseule1	Ascomycota	Pezizomycotina	Dothideomycetes	Capnodiales	Mycosphaerellaceae
Pseve2	Ascomycota	Pezizomycotina	Sordariomycetes	Xylariales	Pseudomassariaceae
Pursp1	Ascomycota	Pezizomycotina	Sordariomycetes	Hypocreales	Ophiocordycipitaceae
Pyrinf1	Ascomycota	Pezizomycotina	Dothideomycetes	Pleosporales	Neopyrenochaetaceae
Pyrly1	Ascomycota	Pezizomycotina	Dothideomycetes	Pleosporales	Cucurbitariaceae
Rhesp1	Ascomycota	Pezizomycotina	Leotiomycetes	Helotiales	Incertae sedis
Rhili1	Ascomycota	Pezizomycotina	Dothideomycetes	Patellariales	Patellariaceae
Rhiund1	Ascomycota	Pezizomycotina	Pezizomycetes	Pezizales	Rhizinaceae
Rutfi1	Ascomycota	Pezizomycotina	Leotiomycetes	Helotiales	Rutstroemiaceae
Sacpr1	Ascomycota	Pezizomycotina	Dothideomycetes	Botryosphaeriales	Saccharataceae
Sarco1	Ascomycota	Pezizomycotina	Pezizomycetes	Pezizales	Sarcoscyphaceae
Sarcolat1	Ascomycota	Pezizomycotina	Pezizomycetes	Pezizales	Chorioactidaceae
Schves1	Ascomycota	Pezizomycotina	Sordariomycetes	Sordariales	Schizotheciaceae
Sclsan1	Ascomycota	Pezizomycotina	Lecanoromycetes	Incertae sedis	Coniocybaceae
Setho1	Ascomycota	Pezizomycotina	Dothideomycetes	Pleosporales	Phaeosphaeriaceae
Sette1	Ascomycota	Pezizomycotina	Dothideomycetes	Pleosporales	Phaeosphaeriaceae
Simlam1	Ascomycota	Pezizomycotina	Sordariomycetes	Hypocreales	Cordycipitaceae
Sorbr1	Ascomycota	Pezizomycotina	Sordariomycetes	Sordariales	Sordariaceae
Sorhu1	Ascomycota	Pezizomycotina	Sordariomycetes	Sordariales	Sordariaceae
Sphbr2	Ascomycota	Pezizomycotina	Pezizomycetes	Pezizales	Pyronemataceae
Spofi1	Ascomycota	Pezizomycotina	Dothideomycetes	Pleosporales	Sporormiaceae
Spola1	Ascomycota	Saccharomycotina	Saccharomycetes	Saccharomycetales	Dipodascaceae
Stael1	Ascomycota	Pezizomycotina	Sordariomycetes	Hypocreales	Stachybotryaceae
Stagr1	Ascomycota	Pezizomycotina	Sordariomycetes	Hypocreales	Bionectriaceae
Stobe1	Ascomycota	Pezizomycotina	Dothideomycetes	Microthyriales	Incertae sedis
Sugame1	Ascomycota	Saccharomycotina	Saccharomycetes	Saccharomycetales	Trichomonascaceae
Symat1	Ascomycota	Saccharomycotina	Saccharomycetes	Saccharomycetales	Incertae sedis
Talpro1	Ascomycota	Pezizomycotina	Eurotiomycetes	Eurotiales	Trichocomaceae
TerNC1134_1	Ascomycota	Pezizomycotina	Dothideomycetes	Mycosphaerellales	Teratosphaeriaceae
Tercla1	Ascomycota	Pezizomycotina	Pezizomycetes	Pezizales	Terfeziaceae
Ternu1	Ascomycota	Pezizomycotina	Dothideomycetes	Mycosphaerellales	Teratosphaeriaceae
Theglo1	Ascomycota	Pezizomycotina	Leotiomycetes	Thelebolales	Thelebolaceae
Themi1	Ascomycota	Pezizomycotina	Leotiomycetes	Thelebolales	Thelebolaceae
ThoPMI491_1	Ascomycota	Pezizomycotina	Sordariomycetes	Chaetosphaeriales	Chaetosphaeriaceae
ThyNC0857_1	Ascomycota	Pezizomycotina	Eurotiomycetes	Eurotiales	Aspergillaceae
Tirniv1	Ascomycota	Pezizomycotina	Pezizomycetes	Pezizales	Pezizaceae
Torra1	Ascomycota	Pezizomycotina	Sordariomycetes	Torpedosporales	Torpedosporaceae
Totfu1	Ascomycota	Pezizomycotina	Dothideomycetes	Microthyriales	Microthyriaceae
Trepe1	Ascomycota	Pezizomycotina	Dothideomycetes	Incertae sedis	Trematosphaeriaceae
Tribi1	Ascomycota	Pezizomycotina	Dothideomycetes	Pleosporales	Phaeotrichaceae
Trigu1	Ascomycota	Pezizomycotina	Xylonomycetes	Xylonales	Xylonaceae
Trihyb1	Ascomycota	Pezizomycotina	Pezizomycetes	Pezizales	Pyronemataceae
Tripara1	Ascomycota	Pezizomycotina	Eurotiomycetes	Eurotiales	Trichocomaceae
Tripe1	Ascomycota	Saccharomycotina	Saccharomycetes	Saccharomycetales	Trichomonascaceae
Truan1	Ascomycota	Pezizomycotina	Sordariomycetes	Xylariales	Sporocadaceae
Tubcan1	Ascomycota	Pezizomycotina	Pezizomycetes	Pezizales	Tuberaceae
Tubgib1	Ascomycota	Pezizomycotina	Pezizomycetes	Pezizales	Tuberaceae
Tubmel1	Ascomycota	Pezizomycotina	Pezizomycetes	Pezizales	Tuberaceae
Tubmes1	Ascomycota	Pezizomycotina	Pezizomycetes	Pezizales	Tuberaceae
Usnflo1	Ascomycota	Pezizomycotina	Lecanoromycetes	Lecanorales	Parmeliaceae
Valla1	Ascomycota	Pezizomycotina	Sordariomycetes	Hypocreales	Niessliaceae
Varpro1	Ascomycota	Pezizomycotina	Sordariomycetes	Microascales	Halosphaeriaceae
Vercon1	Ascomycota	Pezizomycotina	Pezizomycetes	Pezizales	Morchellaceae
Verdah1	Ascomycota	Pezizomycotina	Sordariomycetes	Glomerellales	Plectosphaerellaceae
Veren1	Ascomycota	Pezizomycotina	Dothideomycetes	Pleosporales	Didymosphaeriaceae
Wesor1	Ascomycota	Pezizomycotina	Dothideomycetes	Pleosporales	Sporormiaceae
Wicdo1	Ascomycota	Saccharomycotina	Saccharomycetes	Saccharomycetales	Trichomonascaceae
Wilmi1	Ascomycota	Pezizomycotina	Pezizomycetes	Pezizales	Pyronemataceae
XylPMI506	Ascomycota	Pezizomycotina	Sordariomycetes	Xylariales	Incertae sedis
XylPMI703_1	Ascomycota	Pezizomycotina	Leotiomycetes	Incertae sedis	Incertae sedis
Xylhe1	Ascomycota	Pezizomycotina	Xylonomycetes	Xylonales	Xylonaceae
Xylhyp1	Ascomycota	Pezizomycotina	Sordariomycetes	Xylariales	Xylariaceae
Zalva1	Ascomycota	Pezizomycotina	Sordariomycetes	Lulworthiales	Lulworthiaceae
Zoprh1	Ascomycota	Pezizomycotina	Dothideomycetes	Pleosporales	Zopfiaceae
Zyghe1_2	Ascomycota	Saccharomycotina	Saccharomycetes	Saccharomycetales	Trichomonascaceae
Abobi1	Basidiomycota	Agaricomycotina	Agaricomycetes	Polyporales	Meruliaceae
Acain1	Basidiomycota	Ustilaginomycotina	Exobasidiomycetes	Exobasidiales	Cryptobasidiaceae
Agahy1	Basidiomycota	Pucciniomycotina	Agaricostilbomycetes	Agaricostilbales	Agaricostilbaceae
AgarPMI687_1	Basidiomycota	Agaricomycotina	Agaricomycetes	Agaricales	Stephanosporaceae
Agrpra2	Basidiomycota	Agaricomycotina	Agaricomycetes	Agaricales	Bolbitiaceae
Albpec1	Basidiomycota	Agaricomycotina	Agaricomycetes	Polyporales	Incertae sedis
Amaapr1	Basidiomycota	Agaricomycotina	Agaricomycetes	Agaricales	Amanitaceae
Amarub1	Basidiomycota	Agaricomycotina	Agaricomycetes	Agaricales	Amanitaceae
Amycha1	Basidiomycota	Agaricomycotina	Agaricomycetes	Russulales	Amylostereaceae
Amylap1_1	Basidiomycota	Agaricomycotina	Agaricomycetes	Polyporales	Fomitopsidaceae
Amysub1	Basidiomycota	Agaricomycotina	Agaricomycetes	Agaricales	Amylocorticiaceae
Anoalb1	Basidiomycota	Agaricomycotina	Agaricomycetes	Agaricales	Amylocorticiaceae
Anobom1	Basidiomycota	Agaricomycotina	Agaricomycetes	Agaricales	Amylocorticiaceae
Anokam1	Basidiomycota	Agaricomycotina	Agaricomycetes	Agaricales	Amylocorticiaceae
Anomyc1	Basidiomycota	Agaricomycotina	Agaricomycetes	Agaricales	Amylocorticiaceae
Antcit1	Basidiomycota	Agaricomycotina	Agaricomycetes	Polyporales	Steccherinaceae
Antser1	Basidiomycota	Agaricomycotina	Agaricomycetes	Polyporales	Fomitopsidaceae
Aphpse1	Basidiomycota	Agaricomycotina	Agaricomycetes	Agaricales	Pterulaceae
Armbor1	Basidiomycota	Agaricomycotina	Agaricomycetes	Agaricales	Physalacriaceae
Armect1	Basidiomycota	Agaricomycotina	Agaricomycetes	Agaricales	Physalacriaceae
Armfum1	Basidiomycota	Agaricomycotina	Agaricomycetes	Agaricales	Physalacriaceae
Armga1	Basidiomycota	Agaricomycotina	Agaricomycetes	Agaricales	Physalacriaceae
Armlut1	Basidiomycota	Agaricomycotina	Agaricomycetes	Agaricales	Physalacriaceae
Armmel1	Basidiomycota	Agaricomycotina	Agaricomycetes	Agaricales	Physalacriaceae
Armnab1	Basidiomycota	Agaricomycotina	Agaricomycetes	Agaricales	Physalacriaceae
Armnov1	Basidiomycota	Agaricomycotina	Agaricomycetes	Agaricales	Physalacriaceae
Armtab1	Basidiomycota	Agaricomycotina	Agaricomycetes	Agaricales	Physalacriaceae
Auramp1	Basidiomycota	Agaricomycotina	Agaricomycetes	Agaricales	Schizophyllaceae
Aurvu1	Basidiomycota	Agaricomycotina	Agaricomycetes	Russulales	Auriscalpiaceae
Bolcoc1	Basidiomycota	Agaricomycotina	Agaricomycetes	Boletales	Boletaceae
Boledp1	Basidiomycota	Agaricomycotina	Agaricomycetes	Boletales	Boletaceae
Bolvit1	Basidiomycota	Agaricomycotina	Agaricomycetes	Agaricales	Bolbitiaceae
Borrad1	Basidiomycota	Agaricomycotina	Agaricomycetes	Russulales	Stereaceae
CerAGI	Basidiomycota	Agaricomycotina	Agaricomycetes	Cantharellales	Ceratobasidiaceae
Cercer1	Basidiomycota	Agaricomycotina	Dacrymycetes	Dacrymycetales	Cerinomycetaceae
Cercru1	Basidiomycota	Agaricomycotina	Dacrymycetes	Dacrymycetales	Cerinomycetaceae
Cersp1	Basidiomycota	Ustilaginomycotina	Exobasidiomycetes	Ceraceosorales	Ceraceosoraceae
Cersp5352_1	Basidiomycota	Agaricomycotina	Agaricomycetes	Cantharellales	Ceratobasidiaceae
Cervir1	Basidiomycota	Agaricomycotina	Agaricomycetes	Polyporales	Irpicaceae
Chapip1	Basidiomycota	Agaricomycotina	Agaricomycetes	Boletales	Boletaceae
Chiap1	Basidiomycota	Pucciniomycotina	Agaricostilbomycetes	Agaricostilbales	Chionosphaeraceae
Chicu1	Basidiomycota	Pucciniomycotina	Agaricostilbomycetes	Agaricostilbales	Chionosphaeraceae
Chopur1	Basidiomycota	Agaricomycotina	Agaricomycetes	Agaricales	Cyphellaceae
ClaPMI390	Basidiomycota	Agaricomycotina	Agaricomycetes	Corticiales	Corticiaceae
Clapy1	Basidiomycota	Agaricomycotina	Agaricomycetes	Russulales	Auriscalpiaceae
Clibor1	Basidiomycota	Agaricomycotina	Agaricomycetes	Polyporales	Hapalopilaceae
Conapa1	Basidiomycota	Agaricomycotina	Agaricomycetes	Agaricales	Bolbitiaceae
Conol1	Basidiomycota	Agaricomycotina	Agaricomycetes	Boletales	Coniophoraceae
Cont1119283	Basidiomycota	Agaricomycotina	Agaricomycetes	Agaricales	Tricholomataceae
Copmic2	Basidiomycota	Agaricomycotina	Agaricomycetes	Agaricales	Psathyrellaceae
Copph3	Basidiomycota	Agaricomycotina	Agaricomycetes	Agaricales	Psathyrellaceae
Corsan2	Basidiomycota	Agaricomycotina	Agaricomycetes	Agaricales	Cortinariaceae
Creces1	Basidiomycota	Agaricomycotina	Agaricomycetes	Agaricales	Crepidotaceae
Crison1	Basidiomycota	Agaricomycotina	Agaricomycetes	Agaricales	Stephanosporaceae
Crudry1	Basidiomycota	Agaricomycotina	Agaricomycetes	Corticiales	Corticiaceae
Crula1	Basidiomycota	Agaricomycotina	Agaricomycetes	Agaricales	Nidulariaceae
Cryter1	Basidiomycota	Agaricomycotina	Tremellomycetes	Filobasidiales	Incertae sedis
Crywi1	Basidiomycota	Agaricomycotina	Tremellomycetes	Filobasidiales	Filobasidiaceae
Cyapal1	Basidiomycota	Agaricomycotina	Agaricomycetes	Agaricales	Nidulariaceae
Cyaste1	Basidiomycota	Agaricomycotina	Agaricomycetes	Agaricales	Nidulariaceae
Cylto1	Basidiomycota	Agaricomycotina	Agaricomycetes	Agaricales	Physalacriaceae
Cysmur1	Basidiomycota	Agaricomycotina	Agaricomycetes	Agaricales	Cystostereaceae
Cytmel1	Basidiomycota	Agaricomycotina	Agaricomycetes	Polyporales	Meruliaceae
Dacruf1	Basidiomycota	Agaricomycotina	Dacrymycetes	Dacrymycetales	Dacrymycetaceae
Dactor1	Basidiomycota	Agaricomycotina	Dacrymycetes	Dacrymycetales	Dacrymycetaceae
Dactort1	Basidiomycota	Agaricomycotina	Dacrymycetes	Dacrymycetales	Dacrymycetaceae
Denbi1	Basidiomycota	Agaricomycotina	Agaricomycetes	Agaricales	Campanellaceae
Denmi1	Basidiomycota	Agaricomycotina	Agaricomycetes	Agaricales	Incertae sedis
Digmar1	Basidiomycota	Agaricomycotina	Agaricomycetes	Incertae sedis	Incertae sedis
Echtin1	Basidiomycota	Agaricomycotina	Agaricomycetes	Russulales	Echinodontiaceae
Elmca1	Basidiomycota	Agaricomycotina	Agaricomycetes	Auriculariales	Aporpiaceae
Epityp1	Basidiomycota	Agaricomycotina	Agaricomycetes	Russulales	Epitheliaceae
Eryha1	Basidiomycota	Pucciniomycotina	Cystobasidiomycetes	Erythrobasidiales	Erythrobasidiaceae
Exomac1	Basidiomycota	Ustilaginomycotina	Exobasidiomycetes	Exobasidiales	Exobasidiaceae
Exova1	Basidiomycota	Ustilaginomycotina	Exobasidiomycetes	Exobasidiales	Exobasidiaceae
Favcal1_2	Basidiomycota	Agaricomycotina	Agaricomycetes	Agaricales	Marasmiaceae
Felpe1	Basidiomycota	Agaricomycotina	Tremellomycetes	Tremellales	Cuniculitremaceae
Fempez1	Basidiomycota	Agaricomycotina	Dacrymycetes	Dacrymycetales	Dacrymycetaceae
Fibin1	Basidiomycota	Agaricomycotina	Tremellomycetes	Tremellales	Sirobasidiaceae
Filflo1	Basidiomycota	Agaricomycotina	Tremellomycetes	Filobasidiales	Filobasidiaceae
FlaPMI526_1	Basidiomycota	Agaricomycotina	Agaricomycetes	Agaricales	Niaceae
Flafl1	Basidiomycota	Agaricomycotina	Agaricomycetes	Polyporales	Irpicaceae
Fomro1	Basidiomycota	Agaricomycotina	Agaricomycetes	Polyporales	Fomitopsidaceae
Galinc1	Basidiomycota	Agaricomycotina	Agaricomycetes	Corticiales	Corticiaceae
Ganads1	Basidiomycota	Agaricomycotina	Agaricomycetes	Polyporales	Polyporaceae
Ganleu1	Basidiomycota	Agaricomycotina	Agaricomycetes	Polyporales	Polyporaceae
Gaumor1_1	Basidiomycota	Agaricomycotina	Agaricomycetes	Gomphales	Gautieriaceae
Geatri1	Basidiomycota	Agaricomycotina	Agaricomycetes	Geastrales	Geastraceae
Glocon1	Basidiomycota	Agaricomycotina	Agaricomycetes	Russulales	Incertae sedis
Guyne1	Basidiomycota	Agaricomycotina	Agaricomycetes	Agaricales	Physalacriaceae
Gymch1	Basidiomycota	Agaricomycotina	Agaricomycetes	Agaricales	Cortinariaceae
Helcom1	Basidiomycota	Pucciniomycotina	Atractiellomycetes	Incertae sedis	Incertae sedis
Helsul1	Basidiomycota	Agaricomycotina	Agaricomycetes	Gloeophyllales	Gloeophyllaceae
Hercor1	Basidiomycota	Agaricomycotina	Agaricomycetes	Russulales	Hericiaceae
Hethyg1	Basidiomycota	Ustilaginomycotina	Exobasidiomycetes	Doassansiales	Doassansiaceae
Hetpy1	Basidiomycota	Pucciniomycotina	Microbotryomycetes	Heterogastridiales	Heterogastridiaceae
Hyabl1	Basidiomycota	Pucciniomycotina	Microbotryomycetes	Heterogastridiales	Heterogastridiaceae
Hydfim1	Basidiomycota	Agaricomycotina	Agaricomycetes	Polyporales	Meripilaceae
Hydru2	Basidiomycota	Agaricomycotina	Agaricomycetes	Cantharellales	Hydnaceae
Hygaur1	Basidiomycota	Agaricomycotina	Agaricomycetes	Boletales	Hygrophoropsidaceae
Hygcoc2	Basidiomycota	Agaricomycotina	Agaricomycetes	Agaricales	Hygrophoraceae
Hyssto1	Basidiomycota	Agaricomycotina	Agaricomycetes	Hysterangiales	Hysterangiaceae
Inolan1	Basidiomycota	Agaricomycotina	Agaricomycetes	Agaricales	Inocybaceae
Intcon1_1	Basidiomycota	Agaricomycotina	Agaricomycetes	Incertae sedis	Incertae sedis
Iscben1	Basidiomycota	Agaricomycotina	Agaricomycetes	Polyporales	Ischnodermataceae
Jamsp1	Basidiomycota	Ustilaginomycotina	Exobasidiomycetes	Microstromatales	Incertae sedis
Kavalb1	Basidiomycota	Agaricomycotina	Agaricomycetes	Gomphales	Gomphaceae
Kocim1	Basidiomycota	Agaricomycotina	Tremellomycetes	Tremellales	Incertae sedis
Kurarg1	Basidiomycota	Agaricomycotina	Agaricomycetes	Corticiales	Corticiaceae
Lacaka1	Basidiomycota	Agaricomycotina	Agaricomycetes	Russulales	Russulaceae
Laccon1	Basidiomycota	Agaricomycotina	Agaricomycetes	Russulales	Russulaceae
Lacdel1	Basidiomycota	Agaricomycotina	Agaricomycetes	Russulales	Russulaceae
Lachat1	Basidiomycota	Agaricomycotina	Agaricomycetes	Russulales	Russulaceae
Lachen1	Basidiomycota	Agaricomycotina	Agaricomycetes	Russulales	Russulaceae
Lacind1	Basidiomycota	Agaricomycotina	Agaricomycetes	Russulales	Russulaceae
Lacpsa1	Basidiomycota	Agaricomycotina	Agaricomycetes	Russulales	Russulaceae
Lacpse1	Basidiomycota	Agaricomycotina	Agaricomycetes	Russulales	Russulaceae
Lacsan1	Basidiomycota	Agaricomycotina	Agaricomycetes	Russulales	Russulaceae
Lacsub1	Basidiomycota	Agaricomycotina	Agaricomycetes	Russulales	Russulaceae
Lactsubd1	Basidiomycota	Agaricomycotina	Agaricomycetes	Russulales	Russulaceae
Lacviv1	Basidiomycota	Agaricomycotina	Agaricomycetes	Russulales	Russulaceae
Lacvol1	Basidiomycota	Agaricomycotina	Agaricomycetes	Russulales	Russulaceae
Laxbic1	Basidiomycota	Agaricomycotina	Agaricomycetes	Russulales	Gloeocystidiellaceae
Lenvul1	Basidiomycota	Agaricomycotina	Agaricomycetes	Russulales	Auriscalpiaceae
Lepmol1	Basidiomycota	Agaricomycotina	Agaricomycetes	Polyporales	Irpicaceae
Leucr1	Basidiomycota	Pucciniomycotina	Microbotryomycetes	Leucosporidiales	Leucosporidiaceae
Leumo1	Basidiomycota	Agaricomycotina	Agaricomycetes	Boletales	Hygrophoropsidaceae
Lycper1	Basidiomycota	Agaricomycotina	Agaricomycetes	Agaricales	Lycoperdaceae
MecolCla_1	Basidiomycota	Pucciniomycotina	Pucciniomycetes	Pucciniales	Melampsoraceae
Meimi1	Basidiomycota	Ustilaginomycotina	Exobasidiomycetes	Exobasidiales	Brachybasidiaceae
Melap1finSC_191	Basidiomycota	Pucciniomycotina	Pucciniomycetes	Pucciniales	Melampsoraceae
Melbro1	Basidiomycota	Agaricomycotina	Agaricomycetes	Boletales	Melanogastraceae
Melen1	Basidiomycota	Ustilaginomycotina	Ustilaginomycetes	Urocystidiales	Melanotaeniaceae
Mersum1	Basidiomycota	Agaricomycotina	Agaricomycetes	Polyporales	Meripilaceae
Monili2	Basidiomycota	Ustilaginomycotina	Moniliellomycetes	Moniliellales	Moniliellaceae
Mrafri1	Basidiomycota	Agaricomycotina	Tremellomycetes	Cystofilobasidiales	Cystofilobasidiaceae
Muloch1	Basidiomycota	Agaricomycotina	Agaricomycetes	Russulales	Russulaceae
Mutel1	Basidiomycota	Agaricomycotina	Agaricomycetes	Phallales	Phallaceae
Myc59_1	Basidiomycota	Agaricomycotina	Agaricomycetes	Agaricales	Tricholomataceae
Mycalb1	Basidiomycota	Agaricomycotina	Agaricomycetes	Agaricales	Mycenaceae
Mycale1	Basidiomycota	Agaricomycotina	Agaricomycetes	Agaricales	Mycenaceae
Mycami1	Basidiomycota	Agaricomycotina	Agaricomycetes	Agaricales	Mycenaceae
Mycbel1	Basidiomycota	Agaricomycotina	Agaricomycetes	Agaricales	Tricholomataceae
Myccro1	Basidiomycota	Agaricomycotina	Agaricomycetes	Agaricales	Mycenaceae
Mycden1	Basidiomycota	Agaricomycotina	Agaricomycetes	Agaricales	Nidulariaceae
Mycepi1	Basidiomycota	Agaricomycotina	Agaricomycetes	Agaricales	Mycenaceae
Mycfil1	Basidiomycota	Agaricomycotina	Agaricomycetes	Agaricales	Mycenaceae
Mycflo1	Basidiomycota	Agaricomycotina	Agaricomycetes	Agaricales	Mycenaceae
Mycgale1	Basidiomycota	Agaricomycotina	Agaricomycetes	Agaricales	Tricholomataceae
Mychae1	Basidiomycota	Agaricomycotina	Agaricomycetes	Agaricales	Tricholomataceae
Myclat1	Basidiomycota	Agaricomycotina	Agaricomycetes	Agaricales	Mycenaceae
Myclep1	Basidiomycota	Agaricomycotina	Agaricomycetes	Agaricales	Tricholomataceae
Mycmac1	Basidiomycota	Agaricomycotina	Agaricomycetes	Agaricales	Mycenaceae
Mycmet1	Basidiomycota	Agaricomycotina	Agaricomycetes	Agaricales	Tricholomataceae
Mycoli1	Basidiomycota	Agaricomycotina	Agaricomycetes	Agaricales	Tricholomataceae
Mycpol1	Basidiomycota	Agaricomycotina	Agaricomycetes	Agaricales	Mycenaceae
Mycpur1	Basidiomycota	Agaricomycotina	Agaricomycetes	Agaricales	Mycenaceae
Mycreb1	Basidiomycota	Agaricomycotina	Agaricomycetes	Agaricales	Mycenaceae
Mycros1	Basidiomycota	Agaricomycotina	Agaricomycetes	Agaricales	Tricholomataceae
Mycrub1	Basidiomycota	Agaricomycotina	Agaricomycetes	Agaricales	Tricholomataceae
Mycsan1	Basidiomycota	Agaricomycotina	Agaricomycetes	Agaricales	Mycenaceae
Mycvit1	Basidiomycota	Agaricomycotina	Agaricomycetes	Agaricales	Mycenaceae
Mycvul1	Basidiomycota	Agaricomycotina	Agaricomycetes	Agaricales	Mycenaceae
Naifl1	Basidiomycota	Pucciniomycotina	Classiculomycetes	Classiculales	Classiculaceae
Niavib1	Basidiomycota	Agaricomycotina	Agaricomycetes	Agaricales	Niaceae
Niddef1	Basidiomycota	Agaricomycotina	Agaricomycetes	Agaricales	Nidulariaceae
Nidsp1	Basidiomycota	Agaricomycotina	Agaricomycetes	Agaricales	Nidulariaceae
Obbri1	Basidiomycota	Agaricomycotina	Agaricomycetes	Polyporales	Incertae sedis
Olipa1	Basidiomycota	Agaricomycotina	Agaricomycetes	Auriculariales	Incertae sedis
Panst_KUC8834_1_1	Basidiomycota	Agaricomycotina	Agaricomycetes	Agaricales	Mycenaceae
Panst_LUM_1_1	Basidiomycota	Agaricomycotina	Agaricomycetes	Agaricales	Mycenaceae
Papla1	Basidiomycota	Agaricomycotina	Tremellomycetes	Tremellales	Rhynchogastremataceae
Pauans1	Basidiomycota	Agaricomycotina	Agaricomycetes	Corticiales	Corticiaceae
Paxam1	Basidiomycota	Agaricomycotina	Agaricomycetes	Boletales	Paxillaceae
Persub1	Basidiomycota	Agaricomycotina	Agaricomycetes	Polyporales	Polyporaceae
Phapla1	Basidiomycota	Agaricomycotina	Agaricomycetes	Agaricales	Chromocyphellaceae
Phefer1	Basidiomycota	Agaricomycotina	Agaricomycetes	Hymenochaetales	Hymenochaetaceae
Pheign1_1	Basidiomycota	Agaricomycotina	Agaricomycetes	Hymenochaetales	Hymenochaetaceae
Pheni1	Basidiomycota	Agaricomycotina	Agaricomycetes	Hymenochaetales	Hymenochaetaceae
Phevit1	Basidiomycota	Agaricomycotina	Agaricomycetes	Hymenochaetales	Hymenochaetaceae
Phlfa1	Basidiomycota	Pucciniomycotina	Atractiellomycetes	Atractiellales	Phleogenaceae
Phlsub1	Basidiomycota	Agaricomycotina	Agaricomycetes	Polyporales	Meruliaceae
Phohig1	Basidiomycota	Agaricomycotina	Agaricomycetes	Agaricales	Strophariaceae
Phosp1	Basidiomycota	Agaricomycotina	Agaricomycetes	Agaricales	Strophariaceae
Pilbys1	Basidiomycota	Agaricomycotina	Agaricomycetes	Atheliales	Atheliaceae
Pilsph1	Basidiomycota	Agaricomycotina	Agaricomycetes	Atheliales	Atheliaceae
Polsqu1	Basidiomycota	Agaricomycotina	Agaricomycetes	Polyporales	Polyporaceae
Porchr1	Basidiomycota	Agaricomycotina	Agaricomycetes	Hymenochaetales	Hymenochaetaceae
Pormuc1	Basidiomycota	Agaricomycotina	Agaricomycetes	Trechisporales	Hydnodontaceae
Pornie1_2	Basidiomycota	Agaricomycotina	Agaricomycetes	Hymenochaetales	Hymenochaetaceae
Porspa1	Basidiomycota	Agaricomycotina	Agaricomycetes	Polyporales	Phanerochaetaceae
Possti1	Basidiomycota	Agaricomycotina	Agaricomycetes	Polyporales	Dacryobolaceae
Ptegra1	Basidiomycota	Agaricomycotina	Agaricomycetes	Agaricales	Pterulaceae
Pycful1	Basidiomycota	Agaricomycotina	Agaricomycetes	Polyporales	Incertae sedis
Radcon1	Basidiomycota	Agaricomycotina	Agaricomycetes	Agaricales	Pterulaceae
Resbic1	Basidiomycota	Agaricomycotina	Agaricomycetes	Hymenochaetales	Incertae sedis
Rhanym2_1	Basidiomycota	Ustilaginomycotina	Exobasidiomycetes	Doassansiales	Rhamphosporaceae
Rhitru1	Basidiomycota	Agaricomycotina	Agaricomycetes	Boletales	Rhizopogonaceae
Rhivi1	Basidiomycota	Agaricomycotina	Agaricomycetes	Boletales	Rhizopogonaceae
Rhivul1	Basidiomycota	Agaricomycotina	Agaricomycetes	Boletales	Rhizopogonaceae
Rhobu1	Basidiomycota	Agaricomycotina	Agaricomycetes	Agaricales	Omphalotaceae
Rhodsp1	Basidiomycota	Ustilaginomycotina	Exobasidiomycetes	Microstromatales	Microstromataceae
Rhomi1	Basidiomycota	Pucciniomycotina	Cystobasidiomycetes	Cystobasidiales	Cystobasidiaceae
Ricfib1	Basidiomycota	Agaricomycotina	Agaricomycetes	Hymenochaetales	Repetobasidiaceae
Ricme1	Basidiomycota	Agaricomycotina	Agaricomycetes	Russulales	Peniophoraceae
Rigmic1	Basidiomycota	Agaricomycotina	Agaricomycetes	Polyporales	Coriolaceae
Rorror1	Basidiomycota	Agaricomycotina	Agaricomycetes	Agaricales	Mycenaceae
Rusbre1	Basidiomycota	Agaricomycotina	Agaricomycetes	Russulales	Russulaceae
Ruscom1	Basidiomycota	Agaricomycotina	Agaricomycetes	Russulales	Russulaceae
Rusdis1	Basidiomycota	Agaricomycotina	Agaricomycetes	Russulales	Russulaceae
Rusear1	Basidiomycota	Agaricomycotina	Agaricomycetes	Russulales	Russulaceae
Ruseme1	Basidiomycota	Agaricomycotina	Agaricomycetes	Russulales	Russulaceae
Ruseme113_1	Basidiomycota	Agaricomycotina	Agaricomycetes	Russulales	Russulaceae
Rusoch1	Basidiomycota	Agaricomycotina	Agaricomycetes	Russulales	Russulaceae
Rusrug1	Basidiomycota	Agaricomycotina	Agaricomycetes	Russulales	Russulaceae
Rusvin1	Basidiomycota	Agaricomycotina	Agaricomycetes	Russulales	Russulaceae
Sacfar1	Basidiomycota	Pucciniomycotina	Atractiellomycetes	Atractiellales	Phleogenaceae
Schpa1	Basidiomycota	Agaricomycotina	Agaricomycetes	Hymenochaetales	Schizoporaceae
Sclcihr1	Basidiomycota	Agaricomycotina	Agaricomycetes	Boletales	Sclerodermataceae
Sclhys1_1	Basidiomycota	Agaricomycotina	Agaricomycetes	Geastrales	Sclerogasteraceae
Sclyun1	Basidiomycota	Agaricomycotina	Agaricomycetes	Boletales	Sclerodermataceae
Scysp1_1	Basidiomycota	Agaricomycotina	Agaricomycetes	Russulales	Lachnocladiaceae
Sepsp1	Basidiomycota	Pucciniomycotina	Pucciniomycetes	Septobasidiales	Septobasidiaceae
Serbor1	Basidiomycota	Agaricomycotina	Agaricomycetes	Agaricales	Amylocorticiaceae
Sidvul1	Basidiomycota	Agaricomycotina	Agaricomycetes	Hymenochaetales	Rickenellaceae
Sirint1	Basidiomycota	Agaricomycotina	Tremellomycetes	Tremellales	Sirobasidiaceae
Sisbri1	Basidiomycota	Agaricomycotina	Agaricomycetes	Corticiales	Corticiaceae
Sismus1	Basidiomycota	Agaricomycotina	Agaricomycetes	Corticiales	Corticiaceae
Sisrad1	Basidiomycota	Agaricomycotina	Agaricomycetes	Corticiales	Corticiaceae
Sisser1	Basidiomycota	Agaricomycotina	Agaricomycetes	Corticiales	Corticiaceae
Skebig1	Basidiomycota	Agaricomycotina	Agaricomycetes	Polyporales	Incrustoporiaceae
Skeste1	Basidiomycota	Agaricomycotina	Agaricomycetes	Polyporales	Incrustoporiaceae
Slopil1	Basidiomycota	Pucciniomycotina	Microbotryomycetes	Incertae sedis	Chrysozymaceae
Spalat1	Basidiomycota	Agaricomycotina	Agaricomycetes	Polyporales	Sparassidaceae
Spogra1_1	Basidiomycota	Pucciniomycotina	Cystobasidiomycetes	Erythrobasidiales	Erythrobasidiaceae
Spoli1	Basidiomycota	Pucciniomycotina	Agaricostilbomycetes	Spiculogloeales	Spiculogloeaceae
Spopa1	Basidiomycota	Pucciniomycotina	Incertae sedis	Sporidiobolales	Incertae sedis
Stepol1	Basidiomycota	Agaricomycotina	Tremellomycetes	Tremellales	Cuniculitremaceae
Suibr2	Basidiomycota	Agaricomycotina	Agaricomycetes	Boletales	Suillaceae
Suisub1	Basidiomycota	Agaricomycotina	Agaricomycetes	Boletales	Suillaceae
Tescy1	Basidiomycota	Ustilaginomycotina	Ustilaginomycetes	Ustilaginales	Cintractiellaceae
Thacu1	Basidiomycota	Agaricomycotina	Agaricomycetes	Cantharellales	Ceratobasidiaceae
Thega1	Basidiomycota	Agaricomycotina	Agaricomycetes	Thelephorales	Thelephoraceae
Tilalb1	Basidiomycota	Ustilaginomycotina	Exobasidiomycetes	Entylomatales	Entylomataceae
Tillet1	Basidiomycota	Ustilaginomycotina	Exobasidiomycetes	Entylomatales	Incertae sedis
Tilwa1	Basidiomycota	Ustilaginomycotina	Exobasidiomycetes	Entylomatales	Entylomataceae
Treen1	Basidiomycota	Agaricomycotina	Tremellomycetes	Tremellales	Naemateliaceae
Trich1	Basidiomycota	Agaricomycotina	Tremellomycetes	Tremellales	Trichosporonaceae
Trigue1	Basidiomycota	Agaricomycotina	Tremellomycetes	Tremellales	Trichosporonaceae
Triol1	Basidiomycota	Agaricomycotina	Tremellomycetes	Tremellales	Trichosporonaceae
Tripop1	Basidiomycota	Agaricomycotina	Agaricomycetes	Agaricales	Tricholomataceae
Trisp1	Basidiomycota	Pucciniomycotina	Tritirachiomycetes	Tritirachiales	Tritirachiaceae
Tul14233_1	Basidiomycota	Agaricomycotina	Agaricomycetes	Cantharellales	Tulasnellaceae
Tulcal1571_1	Basidiomycota	Agaricomycotina	Agaricomycetes	Cantharellales	Tulasnellaceae
Tulhel1	Basidiomycota	Agaricomycotina	Agaricomycetes	Cantharellales	Tulasnellaceae
Tulirr1	Basidiomycota	Agaricomycotina	Agaricomycetes	Cantharellales	Tulasnellaceae
Tulsp217B_1	Basidiomycota	Agaricomycotina	Agaricomycetes	Cantharellales	Tulasnellaceae
Tulsp5341_1	Basidiomycota	Agaricomycotina	Agaricomycetes	Cantharellales	Tulasnellaceae
Tulsp791A_1	Basidiomycota	Agaricomycotina	Agaricomycetes	Cantharellales	Tulasnellaceae
Tulsp791B_1	Basidiomycota	Agaricomycotina	Agaricomycetes	Cantharellales	Tulasnellaceae
Tulsp812A_1	Basidiomycota	Agaricomycotina	Agaricomycetes	Cantharellales	Tulasnellaceae
TulspSV61_1	Basidiomycota	Agaricomycotina	Agaricomycetes	Cantharellales	Tulasnellaceae
Tylas1	Basidiomycota	Agaricomycotina	Agaricomycetes	Cantharellales	Incertae sedis
TyphTRa3160C_1	Basidiomycota	Agaricomycotina	Agaricomycetes	Agaricales	Typhulaceae
Uniuni1	Basidiomycota	Agaricomycotina	Dacrymycetes	Dacrymycetales	Dacrymycetaceae
Uroocc1	Basidiomycota	Ustilaginomycotina	Ustilaginomycetes	Urocystidiales	Urocystidaceae
Uropr1	Basidiomycota	Ustilaginomycotina	Ustilaginomycetes	Urocystidiales	Urocystidaceae
Ustgig1	Basidiomycota	Ustilaginomycotina	Ustilaginomycetes	Ustilaginales	Cintractiaceae
Ustsp1	Basidiomycota	Ustilaginomycotina	Ustilaginomycetes	Violaceomycetales	Violaceomycetaceae
Varmin1	Basidiomycota	Agaricomycotina	Agaricomycetes	Russulales	Lachnocladiaceae
Velabi1	Basidiomycota	Agaricomycotina	Agaricomycetes	Gloeophyllales	Gloeophyllaceae
Xentul1	Basidiomycota	Agaricomycotina	Agaricomycetes	Russulales	Xenasmataceae
Xenvag1	Basidiomycota	Agaricomycotina	Agaricomycetes	Russulales	Xenasmataceae
Xerba1	Basidiomycota	Agaricomycotina	Agaricomycetes	Boletales	Boletaceae
Xylrem1	Basidiomycota	Agaricomycotina	Agaricomycetes	Hymenochaetales	Schizoporaceae
Blabri1	Blastocladiomycota	Incertae sedis	Blastocladiomycetes	Blastocladiales	Blastocladiaceae
Catan2	Blastocladiomycota	Incertae sedis	Blastocladiomycetes	Blastocladiales	Catenariaceae
Parsed1	Blastocladiomycota	Incertae sedis	Blastocladiomycetes	Blastocladiales	Physodermataceae
Blyhe1	Chytridiomycota	Incertae sedis	Chytridiomycetes	Incertae sedis	Incertae sedis
Caupr1	Chytridiomycota	Incertae sedis	Chytridiomycetes	Spizellomycetales	Caulochytriaceae
Caupr_SCcomb	Chytridiomycota	Incertae sedis	Chytridiomycetes	Spizellomycetales	Caulochytriaceae
Chyhya1	Chytridiomycota	Incertae sedis	Chytridiomycetes	Chytridiales	Chytriomycetaceae
Chylag1	Chytridiomycota	Incertae sedis	Chytridiomycetes	Chytridiales	Chytridiaceae
Chytri1	Chytridiomycota	Incertae sedis	Chytridiomycetes	Chytridiales	Chytriomycetaceae
Clapol1_1	Chytridiomycota	Incertae sedis	Chytridiomycetes	Cladochytriales	Cladochytriaceae
Clarep1_1	Chytridiomycota	Incertae sedis	Chytridiomycetes	Cladochytriales	Cladochytriaceae
Enthel1	Chytridiomycota	Incertae sedis	Chytridiomycetes	Chytridiales	Chytriomycetaceae
Entlut1	Chytridiomycota	Incertae sedis	Chytridiomycetes	Chytridiales	Chytriomycetaceae
Fimjon1	Chytridiomycota	Incertae sedis	Chytridiomycetes	Spizellomycetales	Powellomycetaceae
Gaesem1	Chytridiomycota	Incertae sedis	Chytridiomycetes	Spizellomycetales	Spizellomycetaceae
Gervar1	Chytridiomycota	Incertae sedis	Chytridiomycetes	Spizellomycetales	Powellomycetaceae
Glopol1	Chytridiomycota	Incertae sedis	Chytridiomycetes	Rhizophydiales	Globomycetaceae
Gorhay1	Chytridiomycota	Incertae sedis	Chytridiomycetes	Rhizophydiales	Gorgonomycetaceae
Hyacur1	Chytridiomycota	Incertae sedis	Monoblepharidomycetes	Monoblepharidales	Incertae sedis
Obemuc1	Chytridiomycota	Incertae sedis	Chytridiomycetes	Chytridiales	Chytriomycetaceae
Polagg1_1	Chytridiomycota	Incertae sedis	Chytridiomycetes	Polychytriales	Incertae sedis
Powhir1	Chytridiomycota	Incertae sedis	Chytridiomycetes	Spizellomycetales	Powellomycetaceae
Triarc1	Chytridiomycota	Incertae sedis	Chytridiomycetes	Spizellomycetales	Spizellomycetaceae
Lenpar1	Mucoromycota	Mucoromycotina	Mucoromycetes	Mucorales	Lentamycetaceae
Lenzyc1	Mucoromycota	Mucoromycotina	Mucoromycetes	Mucorales	Lentamycetaceae
Abscae1	Zoopagomycota	Mucoromycotina	Incertae sedis	Mucorales	Cunninghamellaceae
Absrep1	Zoopagomycota	Mucoromycotina	Incertae sedis	Mucorales	Cunninghamellaceae
Amyrou1	Zoopagomycota	Mucoromycotina	Incertae sedis	Mucorales	Mucoraceae
Bacci1	Zoopagomycota	Mucoromycotina	Incertae sedis	Mucorales	Backusellaceae
Baclam1	Zoopagomycota	Mucoromycotina	Incertae sedis	Mucorales	Backusellaceae
Basme2finSC	Zoopagomycota	Entomophthoromycotina	Incertae sedis	Entomophthorales	Incertae sedis
Basme92_1	Zoopagomycota	Incertae sedis	Incertae sedis	Basidiobolales	Basidiobolaceae
Benpoi1	Zoopagomycota	Mucoromycotina	Incertae sedis	Mucorales	Mucoraceae
Blatri1	Zoopagomycota	Mucoromycotina	Incertae sedis	Mucorales	Choanephoraceae
Blatri_F921_1	Zoopagomycota	Mucoromycotina	Incertae sedis	Mucorales	Choanephoraceae
Blatri_F986_2	Zoopagomycota	Mucoromycotina	Incertae sedis	Mucorales	Choanephoraceae
Chabre1	Zoopagomycota	Mucoromycotina	Incertae sedis	Mucorales	Chaetocladiaceae
Chlpad1	Zoopagomycota	Mucoromycotina	Incertae sedis	Mucorales	Cunninghamellaceae
Chocucu1	Zoopagomycota	Mucoromycotina	Incertae sedis	Mucorales	Choanephoraceae
Cirumb1	Zoopagomycota	Mucoromycotina	Incertae sedis	Mucorales	Lichtheimiaceae
Coemoj1	Zoopagomycota	Kickxellomycotina	Incertae sedis	Kickxellales	Kickxellaceae
Coespi1	Zoopagomycota	Kickxellomycotina	Incertae sedis	Kickxellales	Kickxellaceae
Cokrec1	Zoopagomycota	Mucoromycotina	Incertae sedis	Mucorales	Mucoraceae
Conth1	Zoopagomycota	Entomophthoromycotina	Incertae sedis	Entomophthorales	Ancylistaceae
Cunbla1	Zoopagomycota	Mucoromycotina	Incertae sedis	Mucorales	Cunninghamellaceae
Cunech1	Zoopagomycota	Mucoromycotina	Incertae sedis	Mucorales	Cunninghamellaceae
Dicele1	Zoopagomycota	Mucoromycotina	Incertae sedis	Mucorales	Lichtheimiaceae
Dicrob1	Zoopagomycota	Mucoromycotina	Incertae sedis	Mucorales	Lichtheimiaceae
DimcrSC1	Zoopagomycota	Kickxellomycotina	Incertae sedis	Dimargaritales	Dimargaritaceae
Disdec1	Zoopagomycota	Mortierellomycotina	Incertae sedis	Mortierellales	Mortierellaceae
Disorn1	Zoopagomycota	Mortierellomycotina	Incertae sedis	Mortierellales	Mortierellaceae
Ellano2	Zoopagomycota	Mucoromycotina	Incertae sedis	Mucorales	Mucoraceae
Endsp1	Zoopagomycota	Mucoromycotina	Incertae sedis	Endogonales	Endogonaceae
Entech1	Zoopagomycota	Mortierellomycotina	Incertae sedis	Mortierellales	Mortierellaceae
Entlig1	Zoopagomycota	Mortierellomycotina	Incertae sedis	Mortierellales	Mortierellaceae
Entmai1	Zoopagomycota	Entomophthoromycotina	Incertae sedis	Entomophthorales	Entomophthoraceae
Entmec1	Zoopagomycota	Mortierellomycotina	Incertae sedis	Mortierellales	Mortierellaceae
Fenlin1	Zoopagomycota	Mucoromycotina	Incertae sedis	Mucorales	Lichtheimiaceae
FenlinCB54_1	Zoopagomycota	Mucoromycotina	Incertae sedis	Mucorales	Lichtheimiaceae
Gilper1	Zoopagomycota	Mucoromycotina	Incertae sedis	Mucorales	Choanephoraceae
Gonbut1	Zoopagomycota	Mucoromycotina	Incertae sedis	Mucorales	Cunninghamellaceae
Halrad1	Zoopagomycota	Mucoromycotina	Incertae sedis	Mucorales	Cunninghamellaceae
Helpul1	Zoopagomycota	Mucoromycotina	Incertae sedis	Mucorales	Mucoraceae
Hesve2finisherSC	Zoopagomycota	Mucoromycotina	Incertae sedis	Mucorales	Cunninghamellaceae
Jimfl_AD_1	Zoopagomycota	Mucoromycotina	Incertae sedis	Endogonales	Endogonaceae
Jimfl_GMNB39_1	Zoopagomycota	Mucoromycotina	Incertae sedis	Endogonales	Endogonaceae
Kicala1	Zoopagomycota	Kickxellomycotina	Incertae sedis	Kickxellales	Kickxellaceae
Kircor1	Zoopagomycota	Mucoromycotina	Incertae sedis	Mucorales	Mucoraceae
Lichy1	Zoopagomycota	Mucoromycotina	Incertae sedis	Mucorales	Lichtheimiaceae
Linpe1	Zoopagomycota	Kickxellomycotina	Incertae sedis	Kickxellales	Kickxellaceae
Lobtra1	Zoopagomycota	Mortierellomycotina	Incertae sedis	Mortierellales	Mortierellaceae
Marpt1	Zoopagomycota	Kickxellomycotina	Incertae sedis	Kickxellales	Incertae sedis
Moramb1	Zoopagomycota	Mortierellomycotina	Incertae sedis	Mortierellales	Mortierellaceae
Morel_U14_1	Zoopagomycota	Mortierellomycotina	Incertae sedis	Mortierellales	Mortierellaceae
Mormul1	Zoopagomycota	Mortierellomycotina	Incertae sedis	Mortierellales	Mortierellaceae
Morsel1	Zoopagomycota	Mortierellomycotina	Incertae sedis	Mortierellales	Mortierellaceae
Morwol1	Zoopagomycota	Mortierellomycotina	Incertae sedis	Mortierellales	Mortierellaceae
Mucmuc1	Zoopagomycota	Mucoromycotina	Incertae sedis	Mucorales	Mucoraceae
Mucpir1	Zoopagomycota	Mucoromycotina	Incertae sedis	Mucorales	Mucoraceae
Mycafr1	Zoopagomycota	Mucoromycotina	Incertae sedis	Mucorales	Mycotyphaceae
Mycind1	Zoopagomycota	Mucoromycotina	Incertae sedis	Mucorales	Mycotyphaceae
Parpar1	Zoopagomycota	Mucoromycotina	Incertae sedis	Mucorales	Mucoraceae
Phaart1	Zoopagomycota	Mucoromycotina	Incertae sedis	Mucorales	Lichtheimiaceae
Phybla1	Zoopagomycota	Mucoromycotina	Incertae sedis	Mucorales	Phycomycetaceae
Pilano1	Zoopagomycota	Mucoromycotina	Incertae sedis	Mucorales	Mucoraceae
Pilumb1	Zoopagomycota	Mucoromycotina	Incertae sedis	Mucorales	Pilobolaceae
Pincor1_1	Zoopagomycota	Kickxellomycotina	Incertae sedis	Kickxellales	Kickxellaceae
Pipcy3_1	Zoopagomycota	Zoopagomycotina	Incertae sedis	Zoopagales	Piptocephalidaceae
Piptie1	Zoopagomycota	Zoopagomycotina	Incertae sedis	Zoopagales	Piptocephalidaceae
PnitS607_1	Zoopagomycota	Mucoromycotina	Incertae sedis	Mucorales	Phycomycetaceae
PnitS608_1	Zoopagomycota	Mucoromycotina	Incertae sedis	Mucorales	Phycomycetaceae
PnitS609_1	Zoopagomycota	Mucoromycotina	Incertae sedis	Mucorales	Phycomycetaceae
Radspe1	Zoopagomycota	Mucoromycotina	Incertae sedis	Mucorales	Radiomycetaceae
Rambr1	Zoopagomycota	Kickxellomycotina	Incertae sedis	Kickxellales	Incertae sedis
Rhimi1_1	Zoopagomycota	Mucoromycotina	Incertae sedis	Mucorales	Rhizopodaceae
Spiasp1	Zoopagomycota	Kickxellomycotina	Incertae sedis	Kickxellales	Kickxellaceae
Spifus1	Zoopagomycota	Mucoromycotina	Incertae sedis	Mucorales	Mucoraceae
Spoumb1	Zoopagomycota	Mucoromycotina	Incertae sedis	Mucorales	Rhizopodaceae
Synfus1	Zoopagomycota	Zoopagomycotina	Incertae sedis	Zoopagales	Piptocephalidaceae
Synplu1	Zoopagomycota	Zoopagomycotina	Incertae sedis	Zoopagales	Piptocephalidaceae
Synps1	Zoopagomycota	Zoopagomycotina	Incertae sedis	Zoopagales	Piptocephalidaceae
Synrac1	Zoopagomycota	Mucoromycotina	Incertae sedis	Mucorales	Syncephalastraceae
Syzme1	Zoopagomycota	Mucoromycotina	Incertae sedis	Mucorales	Rhizopodaceae
Thaele1	Zoopagomycota	Mucoromycotina	Incertae sedis	Mucorales	Mucoraceae
Thasp1	Zoopagomycota	Zoopagomycotina	Incertae sedis	Zoopagales	Sigmoideomycetaceae
Umbelo1	Zoopagomycota	Mucoromycotina	Incertae sedis	Mucorales	Umbelopsidaceae
Umbisa1	Zoopagomycota	Mucoromycotina	Incertae sedis	Mucorales	Umbelopsidaceae
Umbra1	Zoopagomycota	Mucoromycotina	Incertae sedis	Mucorales	Umbelopsidaceae
Umbsp_AD052_1	Zoopagomycota	Mucoromycotina	Incertae sedis	Mucorales	Umbelopsidaceae
Zoorad1	Zoopagomycota	Entomophthoromycotina	Incertae sedis	Entomophthorales	Entomophthoraceae
Zycmex1	Zoopagomycota	Mucoromycotina	Incertae sedis	Mucorales	Lichtheimiaceae
Zyghet1	Zoopagomycota	Mucoromycotina	Incertae sedis	Mucorales	Mucoraceae
